episode,score,score_avg
1,-1061.0566127093673,-1061.0566127093673
2,-1159.6645596526282,-1110.3605861809979
